,0
0,콤프레샤
1,피라미
2,장르소설마이너갤러리
3,공포탐욕지수
4,mother
5,홍조
6,더보이즈
7,기호
8,성능
9,고죠
10,녹인
11,sentence
12,to
13,gì
14,토
15,치료약
16,lagu
17,eastern
18,계곡펜션
19,비행기
20,순서도
21,희망온도
22,장계환
23,저기압
24,hwp
25,pro
26,색깔
27,인피니트
28,안산
29,남친룩
30,위에
31,한약
32,자막
33,바람
34,일기도
35,a
36,한파워
37,컨트롤러
38,대처
39,ks
40,normal
41,복장
42,가이드
43,배꼽
44,심리
45,고양이
46,겨드랑이
47,psp
48,제거제
49,사는법
50,장례식
51,탈출
52,supply
53,파판
54,최신
55,n번방
56,한달
57,ufc
58,cream
59,youtube.com
60,군인
61,이브
62,11
63,표정
64,length
65,몇월
66,가사
67,하나필터
68,여름
69,루핏
70,특집
71,function
72,kbs
73,보여줘
74,ma
75,카페
76,mbti
77,느낌
78,환자
79,남방
80,초코
81,라이트
82,carrier
83,몇월까지
84,탈출맵
85,안나
86,와류
87,거꾸로
88,브라
89,체온
90,지은이
91,하는
92,ib
93,혈압
94,다운로드
95,안내문
96,flac
97,회피
98,lb
99,점프수트
100,돌봄사원
101,소용돌이
102,10계명
103,보리
104,구입
105,크립토
106,코디
107,jdx
108,타요
109,물히터
110,컴프레셔
111,ne
112,디바우러
113,kanthal
114,교훈
115,노래지나요
116,차이점
117,옆모습
118,2020
119,탈퇴
120,히팅기
121,klasse
122,12v
123,p2p
124,메뉴
125,몽미
126,타이벡
127,루나
128,온도
129,roblox
130,inst
131,case
132,세라
133,midea
134,엠엔엠
135,동물잠옷
136,증상들
137,고홈
138,정신병원
139,bcaa
140,피규어
141,이너
142,nct
143,갈만한
144,cpu
145,덜타는법
146,연우
147,과학
148,풍경
149,eyes
150,궁전
151,특징
152,활동
153,영상
154,도구
155,판매량
156,고르기
157,wind
158,도봉산
159,bavi
160,커뮤니티
161,화이트데이
162,열대야의
163,인후통
164,천둥매의
165,faith
166,icon
167,장마전선
168,unsplash
169,링크
170,exhaustion
171,gmail
172,고장났습니다
173,ntc
174,설계
175,wesane
176,귤로만
177,빙고
178,실드
179,수온
180,지낸
181,동
182,coupang
183,규림요양병원
184,진로
185,재료
186,죠스바
187,meaning
188,고득점
189,톡톡
190,kpop
191,mbc
192,태연
193,문구
194,go
195,반팔
196,luna
197,ai
198,fps
199,패딩
200,엑셀
201,수박효과
202,더위지수
203,yeezy
204,윤흥길
205,abc마트
206,개다래
207,잘
208,language
209,scr
210,파트별
211,그래니
212,흰부분
213,진단평가
214,계곡캠핑
215,등급표
216,투바투
217,창문
218,더위.png
219,kiss
220,adalah
221,이적시장
222,t1
223,하얀
224,예
225,추위에강한식물
226,레시피
227,관련
228,타잔
229,late
230,발생
231,더위먹
232,회로
233,증후군
234,코딩
235,사랑따윈
236,공포영화
237,치아교정
238,근처
239,파라노말
240,착시현상
241,알려주세요
242,한판맞고쿠폰
243,멘트
244,모노키니
245,소재
246,긴팔타투
247,xm3
248,사례
249,더위사냥
250,중국어로
251,변환
252,보물찾기
253,baldy
254,찾기
255,카게야마
256,이행
257,요령
258,홍콩
259,레몬맛
260,jeju
261,철거
262,규림
263,떨어짐
264,송풍
265,계곡물놀이
266,연출
267,제습기
268,klein
269,법
270,네일
271,도마뱀
272,it
273,김성회
274,정전
275,이길때까지
276,ops
277,intj
278,한파경보
279,recipe
280,휴가
281,롱원피스
282,강한
283,고압세척기
284,mango
285,강령의
286,극복법
287,논란
288,92년
289,치즈
290,수박화채
291,near
292,hs
293,notion
294,철새
295,사계
296,리피
297,bape
298,매뉴얼
299,u넥
300,특강
301,올라프
302,show
303,흉통
304,css
305,바다낚시
306,어떤
307,dp
308,메모지
309,추이
310,여름이었다
311,달리기
312,탄저병
313,중편
314,파종
315,위키
316,사주
317,치사율
318,수박바어택
319,종료
320,문제
321,비용
322,난이도
323,parameter
324,풍량
325,태몽
326,kenzo
327,통과
328,따뜻한
329,c
330,제습이란
331,조심하시고
332,환타
333,현재
334,효과
335,누설전류
336,kcal
337,초고화질
338,설정
339,회복
340,가재
341,배너
342,개봉예정
343,rhyme
344,잠옷
345,루리웹
346,섬집아기
347,커뮤
348,l43
349,bb
350,히터저항값
351,콘센트
352,초상화
353,시작
354,센터
355,족보닷컴
356,최종악당에
357,깃발
358,계곡수영장
359,선바
360,무지
361,대처법
362,앞에만
363,비유
364,조치
365,옷
366,철
367,귀신
368,visual
369,냉방병증상
370,캠핑카
371,nsw
372,역할
373,초속
374,okf
375,english
376,dictionary
377,qqq
378,습도
379,삼성
380,조각
381,환경판
382,svm
383,더위조심
384,실사판
385,보물
386,줄거리
387,페이스북
388,수박화채만들기
389,효능
390,디카페인
391,언제
392,minecraft
393,러시아어
394,당일치기
395,등장인물
396,태풍정보
397,장르
398,비율
399,드리프트
400,좋아하는
401,히터판
402,장기
403,먹었을때
404,당뇨
405,거는법
406,넥타이
407,세븐틴
408,취미
409,테마주
410,자녀
411,보풀
412,인형저택
413,열대야기준
414,편도
415,jstris
416,시
417,esc
418,u자형
419,gfriend
420,더위이기는
421,qooapp
422,소묘
423,opstar
424,1964년
425,jnk
426,juuneedu
427,n7000
428,oem
429,볶음
430,등산복
431,결함
432,귤김치
433,배경사진
434,민폐녀
435,한스
436,없는
437,수박바
438,juice
439,mac
440,lol
441,마카롱
442,tving
443,냉매
444,gsl
445,개봉
446,세탁
447,ct
448,눈
449,머리아픔
450,cod
451,협동
452,케이크
453,점심
454,바비
455,태풍
456,noonoo
457,무지개나라
458,계절
459,야간배달
460,klarwind
461,밀림
462,jtbc
463,냉장고
464,노지
465,tv다시보기
466,규린
467,바르기
468,계곡준비물
469,medical
470,scholar
471,없애기
472,무게
473,rusty
474,summer
475,얻는법
476,업체
477,응급처치
478,pronunciacion
479,메종키츠네
480,캐리
481,히터실드
482,당분
483,인식
484,pink
485,라면
486,다크
487,cliffs)
488,fcmm
489,haishen
490,싫어한
491,손목시계
492,심기
493,동치미
494,기대작
495,바탕
496,취사
497,계곡있는
498,루피
499,안되는
500,netflix
501,수박밥
502,립스틱
503,충전
504,bsw
505,해
506,바람의
507,크리스토프
508,고열
509,팁
510,핀
511,톤
512,회
513,강기원
514,분해
515,환기
516,몇도
517,내전압
518,링
519,러브랜드
520,장마갤
521,스트리머
522,단백질
523,현기증
524,관련주
525,꾸미기
526,긴팔옷
527,lg베스트샵
528,차박지
529,food
530,u
531,yoz
532,큐브
533,티어
534,색칠하기
535,귤
536,nate
537,분위기
538,소개
539,누렁이
540,테두리
541,낫는법
542,공포게임하기
543,레플리카
544,가지
545,nds
546,무제한
547,unknown
548,정의
549,소식
550,약품
551,이미지
552,매니아
553,kt
554,잡기
555,wavve
556,lamb
557,농사
558,휘센
559,허리케인
560,벽걸이
561,클립아트
562,추위
563,더위먹은증상
564,평수
565,단어
566,평점
567,kmle
568,페페
569,when
570,탱자
571,수확시기
572,u크루넥t(긴팔)
573,후드티
574,뮤트
575,폭풍
576,series
577,명작
578,크롭
579,꽃
580,더더그룹
581,30분
582,jay
583,roll20
584,icecream
585,긴
586,모음
587,때
588,미탁
589,text
590,클리셰
591,캐리어
592,살아남기
593,ts
594,겨울쿨톤
595,열사병
596,yaas
597,반팔후드집업
598,등산화
599,scale
600,그리기
601,시그니처
602,lost
603,식욕
604,단면
605,배스
606,폰트
607,bxsh1601-a
608,bing
609,일반쓰레기
610,house
611,콘
612,하기비스
613,일러스트레이션
614,애니
615,키우기
616,비교
617,빨래
618,칼림바
619,반대
620,daum
621,대책
622,msds
623,철원
624,설탕
625,2018
626,파일로
627,히터봉
628,e
629,linger
630,(sailing)
631,실화
632,유해
633,물
634,주무르면
635,더워
636,mmlg
637,장마감지정가
638,매매
639,orange
640,전술
641,pronunciation
642,그해
643,랩
644,yanmar
645,구원
646,타파
647,sf9
648,qnet
649,다이어트
650,구연산
651,익스프레스
652,타카시의
653,더우면
654,s사이즈
655,송강
656,(our
657,릴카
658,11화
659,킹덤
660,ny
661,수박정리
662,히트펌프
663,방향
664,infj
665,남자
666,주인공으로
667,upbit
668,차이
669,수박화채빙수
670,아끼는
671,what
672,누진세
673,플레이트
674,hk416
675,필렉스
676,수박키우기
677,래프팅
678,youth
679,watermelon
680,legends
681,fcu
682,이었다
683,식판
684,나무로부터
685,증세
686,haier
687,udt
688,facebook
689,장마전선위치
690,전세
691,방지법
692,없을때
693,편지
694,한
695,냉커피
696,장난감
697,미니
698,히터코어
699,수박끼리
700,소멸
701,카드
702,고혈압
703,usa
704,첫장면
705,태풍실시간
706,팔통
707,html
708,개학
709,평균
710,응우옌
711,구조
712,붙이기
713,learning
714,윈디
715,실리콘
716,차단기
717,반팔티셔츠
718,두꺼운
719,표절
720,전체가정통신문
721,분양
722,폰
723,arti
724,수박껍질김치
725,냉방
726,nrg
727,변화
728,대학
729,kahoot
730,70
731,인강
732,저항값
733,kva
734,lpl
735,수박이미지
736,수박받침대
737,벌레
738,naver
739,바람세기
740,환원
741,gamma
742,사고
743,열탈진
744,google
745,기원
746,보정
747,마이삭
748,상영중
749,현상
750,유래
751,한글
752,빙수
753,통신문
754,여름용품
755,계곡은개굴개굴
756,나우시카
757,jobs
758,fmkorea
759,비니
760,의상
761,코드
762,딸기우유
763,해석
764,bcc
765,라푼젤
766,모자
767,earth
768,못보는
769,템플릿
770,ringwood
771,어스
772,전기요금
773,ugiz
774,부작용
775,책
776,mc
777,하객룩
778,ipa
779,건물
780,리모컨
781,기생충
782,알레르기
783,manual
784,가정통신문
785,ilbe
786,필요없어
787,픽크루
788,플래너
789,목
790,hiems
791,덕트
792,무지개물고기
793,청명
794,자동차
795,묶기
796,몸무게
797,망토
798,작가
799,늘리기
800,라이브
801,bl
802,체력
803,brain
804,btu
805,isfp
806,트롤
807,정원
808,lo
809,hi
810,bon
811,성우
812,ssr
813,막힘
814,안전수칙
815,실시간
816,짤방
817,반팔니트
818,쓰레기
819,절약
820,straykids
821,순우리말
822,돈까스
823,히터용량계산
824,투썸
825,오렌지
826,비약
827,열
828,수익
829,살균
830,태풍정보센터
831,숙면
832,y
833,cineaste
834,렛잇고
835,모듈
836,코일
837,엔터테인먼트
838,월드컵
839,과일
840,포천
841,에밀리
842,là
843,수권
844,gi
845,mamamoo
846,커넥터
847,드라마
848,실내
849,곳
850,안내
851,歌詞
852,전기차
853,결말
854,무지개사진
855,알파s
856,귤현초등학교
857,classifier
858,쿠폰
859,심즈4
860,넣기
861,popcat
862,좋은
863,season)
864,센서
865,키우는
866,티카티카
867,서울
868,마시멜로
869,mi
870,u자
871,바퀴벌레
872,스탠딩에그
873,태국
874,전력소모
875,머리
876,더빙
877,냉풍기
878,렌즈
879,방지
880,계곡집
881,후숙
882,리조트
883,maison
884,인한
885,공포와탐욕지수
886,부츠
887,nightmare
888,펜션예약
889,공표
890,ps1
891,발렌시아가
892,절연저항
893,전력
894,다림질
895,일수
896,확률
897,엘사
898,기도
899,비사지
900,윈스톰
901,점수
902,(fever)
903,키위
904,거리두기
905,묘목
906,수칙
907,수류탄
908,조심해
909,수박
910,범규
911,티탄
912,kb손해보험
913,풀빌라
914,볼라벤
915,해치
916,주인공
917,레전드
918,안전교육
919,lpg차량
920,vms
921,등산
922,정체전선
923,namuwiki
924,단종
925,수박잎
926,pc
927,표지
928,무서운
929,디시
930,청자켓
931,horror
932,추천
933,검출
934,콜
935,문신
936,나이
937,측정
938,귤팩토리
939,me
940,템플스테이
941,탐구생활
942,택배
943,bbq
944,규리앤프렌즈
945,진실
946,gone
947,제로투
948,설치
949,캠프
950,hml
951,스포츠
952,언제까지
953,hmart
954,자켓
955,10cm
956,flaticon
957,xbox
958,렌더링
959,소화
960,msgm
961,싶어도
962,(gfriend)+
963,discord
964,서비스센터
965,tensorflow
966,차
967,소비전력
968,마마무
969,파장
970,화면
971,언제야
972,인스타
973,날씨
974,gs25
975,추위에
976,반교
977,시계
978,(englewood
979,aws
980,삼행시
981,조심
982,후드집업
983,너무
984,translate
985,버킷리스트
986,이름
987,왓챠
988,ahh
989,자전거
990,manor
991,흥행
992,사망자
993,lyrics
994,근교
995,아이스커피
996,알레르기성
997,읽어줘
998,얼마
999,타공
1000,heater
1001,트와이스
1002,신데렐라
1003,갈매기
1004,nghĩa
1005,핏
1006,수박맛
1007,나노슈트
1008,롤업
1009,noria
1010,이모티콘
1011,jma
1012,공포자
1013,파인애플
1014,풍속
1015,m/s
1016,속껍질
1017,거북이
1018,모터
1019,체함
1020,os
1021,삼켰어
1022,수박주스
1023,순위
1024,l의
1025,파판14
1026,instagram
1027,uvc
1028,과거
1029,원인
1030,피해
1031,돌
1032,가수
1033,한복
1034,uv
1035,닷컴
1036,놀이
1037,차박
1038,마른기침
1039,너를
1040,담배
1041,영양소
1042,원리
1043,간병인
1044,lpga
1045,무료
1046,경기도
1047,흰티
1048,겨울왕국1
1049,k87
1050,토마스
1051,셀프
1052,효율
1053,팔길이
1054,유통기한
1055,monsta
1056,machine
1057,첨밀밀
1058,paris
1059,여름쿨톤
1060,시간당
1061,(fever)+
1062,pvc
1063,길이
1064,나의
1065,이행지침
1066,방법
1067,더그룸
1068,카트리나
1069,구역질
1070,가격은
1071,무술
1072,먹는법
1073,mpp09cawh
1074,폴로셔츠
1075,저작권
1076,sm5
1077,보양식
1078,블루드
1079,접는
1080,냉방병증세
1081,채비
1082,nest
1083,w장마갤
1084,matlab
1085,사행시
1086,장마예상
1087,더위로
1088,물건
1089,대기전력
1090,game
1091,다나스
1092,학부모
1093,팔찌
1094,리즈
1095,권장량
1096,소금
1097,워터파크
1098,차바
1099,iab
1100,만찬
1101,불법
1102,cgv
1103,enfp
1104,안녕
1105,늘어남
1106,ootd
1107,jlpt
1108,심볼
1109,냉면
1110,극복
1111,히터박스
1112,기상청
1113,ice
1114,jeep
1115,정장
1116,탄수화물
1117,lp
1118,일사병과
1119,심박수
1120,베어링
1121,실시간으로
1122,kctc
1123,brown
1124,cp컴퍼니
1125,예방
1126,osu
1127,등정
1128,두통약
1129,귤영어
1130,먹고
1131,네모
1132,usb
1133,언제나
1134,위치
1135,라코스테
1136,ost
1137,cj대한통운
1138,취침
1139,제습기능
1140,검사
1141,toonkor
1142,실내온도
1143,라이언
1144,best
1145,baidu
1146,황금레시피
1147,얼리봇
1148,악당에
1149,스토리
1150,ps4
1151,부품
1152,공포탐욕
1153,배수펌프
1154,치료방법
1155,형성
1156,에어컨.청소
1157,분리수거
1158,office
1159,더더
1160,yeseyesee
1161,patagonia
1162,pinterest
1163,팬픽
1164,프사
1165,이야기
1166,자동건조
1167,한통
1168,터널
1169,꽃말
1170,창업
1171,walk
1172,out
1173,ktx
1174,계곡은
1175,체크셔츠
1176,모드
1177,name
1178,기전
1179,더쿠
1180,zoom
1181,팔
1182,트레킹
1183,단편
1184,dc
1185,말리기
1186,자리
1187,접어입기
1188,끄기
1189,의
1190,bgm
1191,무지개호
1192,fow
1193,older
1194,in
1195,가격
1196,share
1197,물고기
1198,야채
1199,대비
1200,크레이프
1201,그림
1202,기쿠지로의
1203,냉방병이란
1204,전원주택
1205,발열
1206,먹다
1207,led
1208,지도
1209,mi히터
1210,바지
1211,절전
1212,귤껍질
1213,urbanzakapa
1214,22사단
1215,cos
1216,더위증상
1217,풀리는
1218,걸렸을때
1219,한파랑
1220,방학
1221,로퍼
1222,경로
1223,하이옌
1224,pc게임
1225,동시
1226,움짤
1227,예보
1228,집
1229,colab
1230,cg
1231,태풍경로도
1232,lh청약센터
1233,kidney
1234,ck
1235,고장
1236,opstar25
1237,b3
1238,아카데미
1239,만들래
1240,열사병과
1241,코브라
1242,색
1243,yourself
1244,l3
1245,모기
1246,녹여먹기
1247,폴로티
1248,물놀이
1249,인증
1250,단편선
1251,할일
1252,수박씨를
1253,app
1254,발열량
1255,폐색전선
1256,칼하트
1257,델타결선
1258,퍼센트
1259,맛있는
1260,왕국
1261,starplayer
1262,선풍기
1263,파이프
1264,zum
1265,부산
1266,기사
1267,아이즈원
1268,너구리
1269,환불
1270,목늘어남
1271,히터저항
1272,뚫어
1273,계곡캠핑장
1274,엔딩
1275,분석
1276,직접
1277,km/h
1278,불면증
1279,트게더
1280,답지
1281,여신
1282,복통
1283,베스트
1284,씨앗
1285,대체품
1286,cnt
1287,버터
1288,취침모드
1289,계산기
1290,파파고
1291,ona
1292,천장
1293,singer
1294,공포게임
1295,스팀
1296,전력량
1297,단선
1298,수박효능
1299,독채펜션
1300,저혈압
1301,블레이저
1302,더위먹었을때
1303,무지개빅깔
1304,브루니
1305,긴팔원숭이
1306,편두통
1307,사용법
1308,urban
1309,화이트
1310,network
1311,umbro
1312,응팔
1313,하루종일
1314,감기
1315,티빙
1316,쾌면
1317,보관
1318,아이들
1319,미국
1320,가격비교
1321,받는
1322,갤러리
1323,kaeri
1324,영화조아
1325,전문
1326,식은땀
1327,mgo
1328,안타는
1329,ruliweb
1330,barbie
1331,렌탈
1332,밤
1333,적정
1334,필수품
1335,크기
1336,파티
1337,처치
1338,사냥
1339,내용
1340,creek
1341,qr코드
1342,hanil
1343,한글자막
1344,mean
1345,스윙어
1346,hadoop
1347,액티비티
1348,정리
1349,후르츠칵테일
1350,깊은
1351,기능성
1352,라이딩
1353,수박밭
1354,맛
1355,이과
1356,maya
1357,말해줘
1358,후각
1359,p.t
1360,고르는
1361,현황
1362,어항
1363,코인
1364,마스크
1365,edg
1366,귀칼
1367,악보
1368,구분
1369,제비
1370,precipice
1371,통발
1372,규림테크
1373,김용명
1374,병
1375,무슨
1376,컨저링
1377,내내
1378,더위크앤
1379,gg
1380,기침
1381,yes24
1382,날리는
1383,추리문제
1384,버그
1385,풀
1386,호텔
1387,나이키
1388,루사
1389,칼로리
1390,대구
1391,회피형
1392,체크카드
1393,isfj
1394,미적분
1395,사용
1396,lck
1397,민들레
1398,승부
1399,manatoki
1400,보관기간
1401,호스
1402,infinite
1403,구글
1404,ebs중학
1405,눈사람
1406,riss
1407,나그네
1408,배출
1409,oeker
1410,pixabay.com
1411,제습만
1412,프레디
1413,색칠공부
1414,클리니컬
1415,룩북
1416,주스
1417,eye)
1418,잘라서
1419,해리포터
1420,아이콘
1421,valorant
1422,규림한의원
1423,캠핑
1424,dbpia
1425,시간표
1426,성장의
1427,콘덴서
1428,enhypen
1429,jonghyun
1430,와
1431,탕후루
1432,코로나
1433,타이어
1434,탈모
1435,스벤
1436,마마
1437,중대재해
1438,basis
1439,원피스
1440,엑스텐드
1441,실외기
1442,다이빙
1443,어린이
1444,g메일
1445,shutter
1446,무지개
1447,apk
1448,인버터
1449,전원
1450,온라인
1451,이동
1452,바알
1453,빙의했다
1454,python
1455,ups
1456,nf소나타
1457,냉방병
1458,수녀
1459,출처
1460,미용실
1461,알아보기
1462,롱
1463,카페인
1464,구토
1465,장마군
1466,사이다
1467,한국
1468,던지기
1469,nft
1470,다음
1471,책갈피
1472,공포영화갤
1473,인사말
1474,hangul
1475,네이버
1476,제어방식
1477,인형
1478,pe
1479,최저기온
1480,sklearn
1481,퍼즐
1482,냄새날때
1483,소강
1484,박스
1485,자산
1486,home
1487,구성품
1488,sk엔카
1489,타투
1490,가고
1491,자빱
1492,니트조끼
1493,나시
1494,긴팔
1495,기단
1496,afreecatv
1497,비발디
1498,효율적
1499,배탈
1500,roc
1501,파고드는
1502,lyric
1503,효린
1504,씨
1505,참교육
1506,cf
1507,우유
1508,손님
1509,미지근한
1510,화살
1511,PDF
1512,door
1513,레고
1514,건조기
1515,보관방법
1516,족보
1517,sk하이닉스
1518,죽음
1519,bluff
1520,바다
1521,용량
1522,타
1523,모양
1524,한판해요
1525,단추
1526,루어
1527,히터
1528,ppt동화
1529,더위
1530,jewelry
1531,하는법
1532,12월의
1533,snowman
1534,추운
1535,p1
1536,장막
1537,선정
1538,동요
1539,사이즈표
1540,거울
1541,dn8
1542,스크류바
1543,히팅
1544,ir
1545,리믹스
1546,사람
1547,진격거
1548,카라티셔츠
1549,아이스
1550,ph
1551,겨울연가
1552,아이앱
1553,텐트
1554,이기는법
1555,케인
1556,g마켓
1557,규리
1558,적정온도
1559,하트
1560,park
1561,sf
1562,동호회
1563,꿈
1564,밈
1565,슬랙스
1566,감기약
1567,키
1568,라인
1569,무지개렌트카
1570,cramps
1571,open
1572,백숙
1573,mid
1574,nc소프트
1575,시즌3
1576,lytle
1577,kitchen
1578,탈취제
1579,최고점수
1580,란
1581,조끼
1582,theqoo
1583,kc
1584,all
1585,탄지로
1586,셔츠
1587,아반떼
1588,셔터
1589,치료법
1590,ulsan
1591,poe
1592,조유리
1593,주기
1594,national
1595,품종
1596,프린팅
1597,해열제
1598,신발
1599,시동
1600,www
1601,에어컨전기세
1602,웨딩드레스
1603,반팔옷
1604,do
1605,배경
1606,문학
1607,진호
1608,게시판
1609,잘하는법
1610,활동지
1611,개골개골
1612,ssg
1613,충전방법
1614,듀얼인버터
1615,무지티
1616,트레이닝복
1617,기나긴
1618,로고
1619,라이코펜
1620,수리
1621,식물
1622,보는
1623,건강
1624,소프트
1625,sunset)
1626,let
1627,국적
1628,초록색
1629,yavideo
1630,체험
1631,빙산
1632,날짜
1633,미드
1634,kodak
1635,kith
1636,법칙
1637,does
1638,과
1639,오토캠핑장
1640,착색
1641,의미
1642,뉴한판맞고
1643,발명가
1644,eocr
1645,환경오염
1646,만난
1647,캠코더
1648,하루
1649,혜택존
1650,긴팔문신
1651,fpcb
1652,찬성질
1653,토스트
1654,편지지
1655,업비트
1656,피자
1657,수박김치
1658,md
1659,생기는
1660,프랑스어
1661,냄새
1662,멀티탭
1663,서비스
1664,폴로티셔츠
1665,한방능이백숙
1666,한판승
1667,에어컨절약
1668,저녁메뉴
1669,조던
1670,클리앙
1671,입는
1672,tkor
1673,컨셉아트
1674,guess
1675,뎬무
1676,멀티게임
1677,pixiv
1678,더위먹음
1679,쿨매트
1680,매미
1681,진단
1682,cctv
1683,어플
1684,brix
1685,아이폰
1686,벌금
1687,선생님
1688,테이블
1689,시나리오
1690,안경
1691,설사
1692,보육사
1693,playlist
1694,장비
1695,잘타는
1696,job아라
1697,주입
1698,vpn
1699,성의
1700,hashtag
1701,무지개.jpg
1702,확인
1703,절약법
1704,닥터
1705,삼계탕
1706,키보드
1707,흰색
1708,장마백서
1709,여름작품
1710,겨울왕국
1711,오마이걸
1712,단체티
1713,소아
1714,안하면
1715,칵테일
1716,별자리
1717,트레틀
1718,틀
1719,노무현
1720,k3
1721,패턴
1722,대처방법
1723,순록
1724,통깡이
1725,데이트
1726,커피
1727,제작비
1728,캘리그라피
1729,off
1730,웹툰
1731,hpp
1732,겨울왕국3
1733,전류
1734,상징
1735,pt
1736,민감증
1737,복구
1738,귀갓길
1739,팝니다
1740,lg
1741,파편
1742,언어
1743,intp
1744,술
1745,에너지드링크
1746,화양연화
1747,에어컨
1748,이유
1749,기름
1750,가면
1751,087
1752,더위를
1753,출력
1754,상토
1755,베란다
1756,10분
1757,안나게
1758,수박껍질
1759,팔기
1760,일곱색깔
1761,build
1762,너머
1763,목업
1764,download
1765,nfl
1766,thisisneverthat
1767,작업복
1768,추천도서
1769,hyundc
1770,pride
1771,스트레이키즈
1772,kf94
1773,동화
1774,night
1775,lh
1776,자연휴양림
1777,장수
1778,트위터
1779,you
1780,onl
1781,커플티
1782,후유증
1783,장마갤콘
1784,져지
1785,뮤지컬
1786,더위시
1787,조식
1788,장마
1789,먹음
1790,큐넷
1791,카테고리
1792,독채
1793,먹으면
1794,태진
1795,제철
1796,제주도
1797,안무섭게
1798,배바지
1799,판매
1800,특산지
1801,재배
1802,계곡
1803,sci-hub
1804,레몬에이드
1805,(0805)
1806,래쉬가드
1807,cold
1808,단편영화
1809,나비
1810,한자로
1811,포스터
1812,귤재앙
1813,대행
1814,펜션
1815,열사병의
1816,발령기준
1817,사망자수
1818,추위타는
1819,노란색
1820,개는법
1821,xrp
1822,코미디
1823,소마
1824,여름방학의
1825,swiss
1826,규린이네
1827,에어컨싼곳
1828,yeoreum
1829,음식
1830,최장
1831,좌석
1832,k8
1833,보리울의
1834,기준
1835,리큐르
1836,bye
1837,쿠팡
1838,다이브
1839,ebook
1840,체질
1841,해안도로
1842,제거
1843,규리tv
1844,과탄산소다
1845,전기컨벡터
1846,살찌나요
1847,사라
1848,가이드라인
1849,어지러움
1850,쿨티셔츠
1851,플러스
1852,m
1853,전기세
1854,보기
1855,vanced
1856,mica
1857,x
1858,op
1859,(feat.
1860,장마시즌
1861,hauzen
1862,빙하시대
1863,od
1864,프린세스
1865,몬스타엑스
1866,yf소나타
1867,예상
1868,취사가능
1869,젤리
1870,애견펜션
1871,고화질
1872,h한
1873,p-6
1874,unity
1875,mandarin
1876,먹은
1877,파타고니아
1878,bergamot
1879,매화
1880,립
1881,태풍의
1882,무지개맛
1883,스트레스
1884,리스트
1885,mt
1886,whisen
1887,메모
1888,qm6
1889,과일나무
1890,다리
1891,알러지
1892,단체
1893,대작전
1894,fila
1895,비상교재
1896,청산가리
1897,hurricane
1898,무지개반사
1899,타다
1900,공포게임무료
1901,주름
1902,장미
1903,ooh
1904,여행지
1905,요약
1906,(rainy
1907,아저씨
1908,빌딩
1909,호흡
1910,비염
1911,hadex
1912,프레온가스
1913,next
1914,로판
1915,ipm
1916,k카
1917,영양성분
1918,kc인증
1919,no2g
1920,락앤락
1921,어디로
1922,팔라스
1923,목표
1924,fd
1925,더
1926,특보
1927,에탄올
1928,링링
1929,배경화면
1930,오늘밤엔
1931,주호민
1932,독후감
1933,추리퀴즈
1934,지능
1935,옷걸이
1936,bmw
1937,3대
1938,i
1939,ig
1940,시스템
1941,heat
1942,ocn
1943,미니북
1944,주의사항
1945,환경구성
1946,해외
1947,낚시
1948,20만원
1949,어택
1950,때려줄거야
1951,탐욕
1952,두통
1953,gif
1954,한판승부
1955,커스텀
1956,프로그램
1957,몰랑이
1958,상호작용
1959,패러디
1960,통계
1961,여름방학
1962,창문열고
1963,수영
1964,나리
1965,출연진
1966,개굴개굴
1967,이기는
1968,졸음
1969,시기
1970,k리그
1971,github
1972,opstar16
1973,증상
1974,pdf
1975,srt
1976,양식
1977,무지개그라데이션
1978,flo
1979,호르몬
1980,여름지나가을
1981,b급
1982,aln
1983,찬바람
1984,커플룩
1985,브라이트
1986,용품
1987,eyed
1988,head
1989,베이킹소다
1990,청소하기
1991,잘보는법
1992,icloud
1993,원작
1994,보노보노
1995,여행
1996,도안
1997,전후
1998,장의
1999,수박주스만들기
2000,ii
2001,意味
2002,여명
2003,fruits
2004,엔시티
2005,illness
2006,만화
2007,조명
2008,소화불량
2009,z플립
2010,쿨
2011,더위키드
2012,연가
2013,일본어
2014,nir
2015,ky
2016,히트파이프
2017,주제곡
2018,y결선
2019,자면
2020,다이소
2021,rng
2022,효과음
2023,를
2024,런
2025,부르니
2026,키트
2027,2019
2028,전략
2029,자릿세
2030,io
2031,뇌손상
2032,콕강의
2033,정보
2034,steam
2035,열량
2036,필터
2037,테마파크
2038,호스트
2039,델타
2040,단점
2041,틀고
2042,고정
2043,수액
2044,3
2045,dfm
2046,번역
2047,돌입전류
2048,y-3
2049,himart
2050,제습
2051,행동요령
2052,주성치
2053,짤
2054,yandex
2055,테스트
2056,lmc
2057,안에
2058,해결
2059,남순
2060,백신
2061,롱스커트
2062,뇌
2063,더웰시아
2064,주사
2065,지구과학
2066,lct
2067,가격대
2068,랭킹
2069,드레스
2070,로드
2071,최근
2072,통조림
2073,supreme
2074,하
2075,썸네일러
2076,한국어
2077,선물
2078,장만월
2079,1
2080,넷플릭스
2081,스릴러
2082,향수
2083,산재
2084,바지에
2085,골짜기
2086,demek
2087,영양
2088,h
2089,해결방안
2090,열대야일수
2091,경남
2092,만담
2093,대전
2094,regression
2095,추위를
2096,utc
2097,자르는
2098,bxsh1602-a
2099,테마
2100,maysak
2101,공략
2102,pca
2103,백현
2104,디지털
2105,코트
2106,예측
2107,운동복
2108,k2
2109,전기
2110,학습지
2111,pid
2112,보험
2113,공포지수
2114,레이어드
2115,나라
2116,가디건
2117,hatch
2118,중국어
2119,치료
2120,데이터
2121,접는법
2122,ytn
2123,여자
2124,커버
2125,spanish
2126,공포-탐욕
2127,안나옴
2128,반팔후드
2129,홍보
2130,cc
2131,열기
2132,(the
2133,스레딕
2134,twitter
2135,전설
2136,스티커
2137,bts
2138,한파경
2139,플래시
2140,on
2141,hate
2142,반팔니트_spkwa37g92
2143,합치기
2144,제어
2145,엽서
2146,계산
2147,하기
2148,목아픔
2149,추천좀
2150,bedeutung
2151,럭키블럭
2152,파자마
2153,problems
2154,무신사
2155,봄
2156,히트필름
2157,infp
2158,사망
2159,utorrent
2160,공포의
2161,글씨
2162,넣어입기
2163,커플
2164,회로도
2165,bet365
2166,수박김치찌개
2167,of
2168,뒷모습
2169,미스터리
2170,메이드로
2171,2
2172,한영자막
2173,중고
2174,kernel
2175,깊은곳
2176,봄과
2177,원산지
2178,ssul
2179,언제까지야
2180,종로에서
2181,키링
2182,분무기
2183,여름방학카드
2184,북상
2185,map
2186,모자이크병
2187,반팔니트가디건
2188,클리어
2189,rbf
2190,슈퍼푸드
2191,okay
2192,스테이크
2193,초기
2194,낸시
2195,연예인
2196,겨울전쟁
2197,lgbt
2198,다이아몬드
2199,stress
2200,뜻
2201,380v
2202,주가
2203,b1a4
2204,일러스트
2205,example
2206,컬러링
2207,emk
2208,himade
2209,명언
2210,계획
2211,갤
2212,오버핏
2213,제작
2214,결혼
2215,버그판
2216,니트
2217,스포
2218,hl
2219,수영복
2220,상승
2221,썰기
2222,반티
2223,능이백숙
2224,합병증
2225,후드
2226,통로
2227,레이더
2228,m.수박씨
2229,크롭티
2230,windy
2231,hyperparameters
2232,사망률
2233,4드론
2234,테운
2235,꽃나무
2236,mlb
2237,재평가
2238,호흡곤란
2239,수박씨
2240,최저온도
2241,영업
2242,회복기간
2243,알탕
2244,mib
2245,장마순
2246,폴로
2247,닭백숙
2248,능선
2249,펭귄이
2250,촬영지
2251,쉐이드
2252,정과
2253,lee
2254,기본수칙
2255,manhwa
2256,found
2257,포비아
2258,약
2259,영혼
2260,고성
2261,가스
2262,영준
2263,mch
2264,로
2265,overfitting
2266,huf
2267,콜라
2268,크리보
2269,두드러기
2270,풀히터
2271,경보기
2272,공기압
2273,물통
2274,줘
2275,최종
2276,위니아
2277,unlimited
2278,music
2279,악사
2280,클래스
2281,상하면
2282,도식화
2283,광고
2284,book
2285,2021
2286,긴팔져지
2287,등급
2288,강원도
2289,nike
2290,polaire
2291,parade
2292,토지
2293,타는
2294,백숙집
2295,무료보기
2296,냉장보관
2297,balenciaga
2298,png
2299,북아트
2300,수영장
2301,바이러스
2302,모습
2303,이디야
2304,korea
2305,레지오넬라
2306,교체비용
2307,가시나무
2308,wiki
2309,충청도
2310,ebs초등
2311,kwh
2312,수박씨닷컴
2313,누수
2314,식히는
2315,z플립3
2316,hyperthermia
2317,극혐
2318,넣는법
2319,vlive
2320,여자친구
2321,산도깨비
2322,치킨
2323,궁합
2324,un
2325,3상
2326,총장
2327,후기
2328,forge
2329,store
2330,ida
2331,김치
2332,light.gg
2333,background
2334,오마이스
2335,몇개국어
2336,외인구단
2337,롤
2338,강수량
2339,수제과일청
2340,트위치
2341,귤현역
2342,약초
2343,texas
2344,집주인
2345,몸살
2346,언제부터
2347,분포
2348,경보
2349,버스
2350,레지오넬라증
2351,hrd-net
2352,틀면
2353,공포
2354,sb
2355,식당
2356,것
2357,현재위치
2358,피부
2359,캠핑장
2360,탈진
2361,covernat
2362,되나요
2363,여름일러스트
2364,반팔로
2365,트렌치코트
2366,태어나서
2367,수련수련
2368,calvin
2369,런닝
2370,holiday
2371,미소
2372,강아지
2373,플래시게임
2374,히터건
2375,danton
2376,am
2377,페이스
2378,환생하는
2379,an
2380,겨울에
2381,infa
2382,모코코
2383,위크앤리조트
2384,pytorch
2385,휴양림
2386,성
2387,cbs
2388,제습모드
2389,린넨
2390,hpa
2391,발생시기
2392,블랙앤데커
2393,point
2394,나루토
2395,mill
2396,덜
2397,사이
2398,히터기
2399,다큐멘터리
2400,보일러
2401,결선
2402,반팔니트티
2403,2회
2404,청소안하고
2405,학명
2406,화분
2407,소설
2408,채소
2409,지수
2410,토네이도
2411,탄산수
2412,끝나
2413,멈춤
2414,없이
2415,woods
2416,리뷰
2417,혈당
2418,크롭으로
2419,모바일
2420,pc로
2421,브랜드
2422,가볼만한
2423,movie
2424,프레임
2425,opportunities
2426,하늘
2427,l
2428,앞펜션
2429,캐릭터
2430,놀러갈때
2431,가랜드
2432,영어
2433,계곡좋은
2434,영어로
2435,엘에이
2436,없애는
2437,k5
2438,명대사
2439,퀘스트
2440,퀴즈
2441,알콜
2442,마케팅
2443,칼륨
2444,한식대첩
2445,군대
2446,벽돌깨기
2447,수선
2448,save
2449,기장
2450,라벨
2451,할거
2452,심으면
2453,풍향
2454,카라
2455,메이크업
2456,kw
2457,spyder
2458,is
2459,랑종
2460,마크
2461,접기
2462,ebs
2463,제목
2464,아래
2465,반통
2466,hospital
2467,충격과
2468,샌들
2469,jil
2470,시초
2471,주소
2472,준비물
2473,love
2474,faray
2475,참피
2476,wave
2477,마더
2478,법안
2479,본사
2480,찬투
2481,chuwi
2482,보는법
2483,구름
2484,cbt
2485,무시동
2486,into
2487,영화
2488,왕국2
2489,온대저기압
2490,코피
2491,바베큐
2492,수박보세요
2493,더위키
2494,라틴어
2495,zara
2496,twitch
2497,한소망
2498,coloring
2499,비닐
2500,감염
2501,jimin
2502,성분
2503,그라데이션
2504,교체
2505,winia
2506,연직
2507,런닝화
2508,hotmail
2509,한자
2510,반팔니트_spkwa24g45
2511,snap
2512,null
2513,컴퓨터용
2514,나무
2515,평상
2516,전화번호
2517,hdvid
2518,manga
2519,장
2520,미열
2521,nf
2522,수학
2523,이동식
2524,사이렌
2525,뉴스
2526,건너
2527,낭종
2528,물소리
2529,보이즈
2530,소음
2531,헬스
2532,냉동
2533,interpolation
2534,동영상
2535,처방
2536,chrome
2537,yf
2538,차별
2539,right
2540,(hello
2541,수면장애
2542,라이언록
2543,배관
2544,molave
2545,하우스
2546,www.aka.ms.yourpc
2547,la
2548,더위송
2549,미리내
2550,수박게임
2551,추움
2552,계곡백숙
2553,같이
2554,가려움
2555,스탠드
2556,kg
2557,ppt
2558,트랜스폼
2559,콘솔
2560,면티
2561,음식물쓰레기
2562,파카
2563,정화
2564,logo
2565,stroke
2566,polynomial
2567,명장면
2568,하이큐
2569,obs
2570,위성사진
2571,정속형
2572,아역
2573,실험
2574,반팔셔츠
2575,도깨비
2576,먹어도
2577,px
2578,앱
2579,yourgg
2580,허브
2581,세정제
2582,ufo수첩
2583,레오타드
2584,피는
2585,반팔티
2586,장국영
2587,tvn
2588,더위크
2589,세계
2590,대본
2591,색칠
2592,onedrive
2593,방역마스크
2594,는데
2595,청춘
2596,태풍경로
2597,글램핑
2598,엄둔계곡
2599,링거
2600,글자
2601,피해사례
2602,드워프
2603,옆
2604,까지
2605,반사
2606,lake
2607,한판맞고
2608,인시디어스
2609,카드뉴스
2610,정인
2611,환생
2612,팝잇
2613,초콜릿
2614,당도
2615,와이셔츠
2616,xsmb
2617,뻥
2618,coc
2619,디저트
2620,한자어
2621,낮잠
2622,laine
2623,ok
2624,수박활동
2625,want
2626,theqoo.net
2627,scipy
2628,콘테나
2629,송어
2630,어원
2631,code
2632,hd
2633,히터캡
2634,무지개나라유치원
2635,haveagoodtime
2636,계획안
2637,디자인
2638,기초디자인
2639,티어표
2640,부족
2641,javascript
2642,백종원
2643,palace
2644,미술
2645,무지개이미지
2646,일본
2647,불면
2648,u트랩
2649,polo
2650,knot
2651,안에서
2652,긴바지
2653,daikin
2654,캘빈
2655,현수막
2656,무풍
2657,케이블
2658,이전설치
2659,mp3
2660,회전
2661,숙제
2662,티
2663,나무에게로
2664,재현
2665,필요없는
2666,편서풍
2667,bhc
2668,블로그
2669,e학습터
2670,으로
2671,low
2672,먹었을
2673,심리테스트
2674,watcha
2675,qm3
2676,sign
2677,태블릿
2678,별의
2679,원숭이
2680,세차
2681,무지개떡
2682,byc
2683,유튜버
2684,wii
2685,thing
2686,웹
2687,보드게임
2688,겨우리
2689,반팔니트_spkwa25g49
2690,간다
2691,참새
2692,뱀
2693,관객수
2694,방탄
2695,두겹
2696,먹방
2697,스프레이
2698,jpg
2699,x트위치
2700,귀마개
2701,blue
2702,안전
2703,inverter
2704,델타변이
2705,아재
2706,qm5
2707,콧물
2708,txt
2709,studio
2710,nasa
2711,ani24
2712,마크에이지4
2713,모빌
2714,비타민
2715,유튜브
2716,티셔츠
2717,발명
2718,u크루넥
2719,단계
2720,ac
2721,메로나
2722,bt21
2723,manager
2724,멀티
2725,전화
2726,outfit
2727,에어리즘
2728,장마시작
2729,kompasu
2730,humoruniv
2731,교육
2732,드라이클리닝
2733,ladybug
2734,오한
2735,한자뜻
2736,삼겹살
2737,많이
2738,케인인
2739,타이레놀
2740,아이템
2741,열대야
2742,색칠도안
2743,일사병의
2744,겨울왕국2
2745,floyd
2746,lpg
2747,v넥
2748,sm3
2749,빈혈
2750,한팔
2751,빚은
2752,안하고
2753,video
2754,그
2755,부담
2756,groove
2757,쇼핑몰
2758,jquery
2759,korean
2760,드립
2761,이혼
2762,아이돌
2763,examples
2764,jokes
2765,the
2766,진중권
2767,md홍
2768,제철음식
2769,new
2770,두께
2771,20
2772,ptc
2773,youtube
2774,편의점
2775,어워드
2776,생산업체
2777,mri
2778,기획
2779,행운
2780,예정작
2781,봉
2782,종이접기
2783,mujigae
2784,바밤바
2785,hmm
2786,여름휴가
2787,아이스크림
2788,자르기
2789,딥
2790,카라티
2791,팩토리
2792,초성퀴즈
2793,ul인증
2794,위크앤
2795,렌트카
2796,드레인
2797,사진
2798,이란
2799,함량
2800,소나타
2801,나무위키
2802,열선
2803,낙지
2804,sander
2805,쉘터
2806,민소매
2807,onlyfans
2808,은혼
2809,송
2810,cnn
2811,so
2812,papago
2813,ufo의
2814,로블록스
2815,입문
2816,bbc
2817,nerdy
2818,blackpink
2819,공식
2820,요금
2821,말
2822,obey
2823,j의
2824,age
2825,lcd
2826,henus
2827,xxl
2828,띄어쓰기
2829,잠
2830,bldc
2831,리바이
2832,칼
2833,잠바
2834,면접
2835,말랑이
2836,nba
2837,두려움
2838,리코더
2839,활동계획안
2840,무료게임
2841,토박이말
2842,자가
2843,후
2844,리버스
2845,라떼
2846,기온
2847,슈퍼히어로
2848,어머니
2849,white
2850,수
2851,vogue
2852,재질
2853,ebsi
2854,위성
2855,만든사람
2856,수박효능과부작용
2857,소주
2858,다시보기
2859,호시
2860,full
2861,java
2862,파는곳
2863,취업
2864,sbs
2865,namu
2866,낵
2867,수면
2868,카트리지
2869,linear
2870,조심하세요
2871,퍼포먼스
2872,코끝에
2873,담그는
2874,안지영
2875,복면가왕
2876,블라우스
2877,정령
2878,카라반
2879,피피티
2880,한판
2881,webex
2882,uvo
2883,튜브
2884,windows
2885,청소방법
2886,고구마
2887,알려
2888,치료제
2889,브금
2890,boiling
2891,사이즈
2892,eutech
2893,아노락
2894,백예린
2895,피로
2896,다운
2897,세제
2898,프란체스카
2899,종류
2900,메스꺼움
2901,넣입
2902,adobe
2903,소리
2904,감표
2905,aliexpress
2906,미술활동
2907,알려줘
2908,목폴라
2909,바람막이
2910,기간
2911,한라산
2912,땀
2913,kf
2914,더이라
2915,pk
2916,sweet
2917,아바타
2918,나기
2919,점퍼
2920,여러
2921,폭포
2922,means
2923,마인크래프트
2924,전기료
2925,안타는법
2926,치료기간
2927,라운드
2928,맨투맨
2929,겨울
2930,프로젝트
2931,날개
2932,줄이기
2933,송겨울
2934,음료수
2935,분류
2936,전선
2937,근육통
2938,soul)
2939,사이트
2940,인파
2941,독성
2942,예약
2943,유니클로
2944,job
2945,뚫기
2946,패션
2947,삼키면
2948,amazon
2949,시간
2950,표시
2951,강수구역
2952,네파
2953,reddit
2954,vercel
2955,남성
2956,성글경
2957,턱걸이
2958,삼상
2959,예방법
2960,스타벅스
2961,품종개량
2962,클린
2963,league
2964,폐심
2965,히터선
2966,lolesports
2967,bridge
2968,파일에
2969,총
2970,pxg
2971,r
2972,방탈출
2973,방송
2974,라디오
2975,더위지기
2976,타워
2977,당
2978,매년
2979,f2
2980,안될때
2981,올장마기간
2982,고블린
2983,불의정령
2984,대만
2985,클럽
2986,겨울영상
2987,곰팡이
2988,피하는
2989,지역
2990,세트던전
2991,러닝
2992,neural
2993,재미없네
2994,하이선
2995,돌멩이
2996,근황
2997,세트
2998,참외
2999,화채
3000,계획표
3001,처음으로
3002,해외여행
3003,지속
3004,여름이미지
3005,어지럼증
3006,생활계획표
3007,geithainer
3008,h&m
3009,남
3010,민박
3011,360
3012,게임
3013,먹는
3014,병원
3015,수박씨심기
3016,초밥
3017,비
3018,갈때
3019,트루
3020,mtb
3021,jobkorea
3022,ngk
3023,pbo
3024,만들기
3025,피라미드의
3026,보내는
3027,목감기
3028,season
3029,보관법
3030,유전
3031,청소
3032,성분표
3033,band
3034,공기
3035,액상
3036,고객센터
3037,레이디버그
3038,track
3039,h6
3040,한박스
3041,10수
3042,먹는약
3043,계곡이
3044,소매
3045,쿨톤
3046,kitsune
3047,통
3048,반바지
3049,맛집
3050,참사
3051,jtwc
3052,sic
3053,제피
3054,배아픔
3055,정유미
3056,vs
3057,한파
3058,놀거리
3059,피아노
3060,저항
3061,양치
3062,apple
3063,가평
3064,병사
3065,주술회전
3066,나오는
3067,logan
3068,mlbb
3069,치마
3070,일사병
3071,글씨체
3072,w컨셉
3073,코옵
3074,기능
3075,동물
3076,chemistry
3077,pcb
3078,해킹
3079,대사
3080,개봉일
3081,scp
3082,balance
3083,mind
3084,oioi
3085,곤충
3086,펭귄
3087,안됨
3088,geographic
3089,hp
3090,도면
3091,수확
3092,감독
3093,축제
3094,리폼
3095,예쁜
3096,kb국민은행
3097,피곤
3098,참는
3099,청바지
3100,내과
3101,lollipop
3102,토마토
3103,있는
3104,드르륵
3105,해결법
3106,k
3107,노래
3108,chord
3109,NSR
3110,iot
3111,as
3112,mono
3113,장만옥
3114,qt
3115,컴퓨터
3116,다시
3117,기권
3118,챔피온
3119,비슷한
3120,킨키
